Designator,Mid X,Mid Y,Layer,Rotation
J1,0.000,24.510,top,180
R2,0.000,19.000,top,0
R1,-4.000,19.000,top,0
U2,0.000,13.000,top,0
R3,5.500,9.000,top,0
C2,4.500,11.500,top,0
C1,8.000,20.000,top,0
R4,8.000,23.000,top,0
LED1,8.000,26.000,top,0
J2,-18.000,13.000,top,270
R8,-5.000,16.000,top,180
R9,1.000,17.000,top,0
C8,-5.500,13.400,top,180
C9,-5.000,11.000,top,180
U1,0.000,-10.500,top,180
C5,11.000,-8.000,top,0
C10,12.000,-4.500,top,90
SW2,20.000,-8.500,top,270
SW3,18.000,-3.000,top,0
R7,-15.000,-5.000,top,180
LED2,-19.000,-5.000,top,0
J3,13.200,16.000,top,0
SW4,-19.000,-9.000,top,0
SW5,14.500,11.500,top,0
SW1,19.000,5.000,top,90
R5,4.000,3.000,top,180
Q1,-4.000,1.000,top,0
R6,0.000,1.500,top,180
U3,-10.000,3.000,top,0
L1,-14.000,3.000,top,90
C11,-14.000,-1.000,top,180
C12,-10.000,8.500,top,0
C13,-7.000,3.000,top,90
C3,-10.000,0.000,top,0
C4,-10.000,6.000,top,0
U4,-18.000,0.000,top,0
C6,-18.000,3.000,top,0
U5,0.000,6.000,top,0
C7,1.500,8.500,top,0
R10,-4.500,6.000,top,180
R11,4.500,5.500,top,0
R12,9.500,10.000,top,0
R13,8.000,12.000,top,180
Q2,8.000,6.000,top,0