"Designator","Comment","Value","Footprint","JLCPCB Part #"
"J1","USB4215-03-A","C37616412","SMD","C37616412"
"R2","0603WAF5101T5E","5.1k","0603","C23186"
"R1","0603WAF5101T5E","5.1k","0603","C23186"
"U2","BQ25185DLHR","C19725033","WSON-10-EP(2.2x2)","C19725033"
"R3","0603WAF1001T5E","1k","0603","C21190"
"C2","CL10A475KO8NNNC","4.7u","0603","C19666"
"C1","CL10A475KO8NNNC","4.7u","0603","C19666"
"R4","0603WAF1001T5E","1k","0603","C21190"
"LED1","KT-0603R","C2286","0603","C2286"
"J2","SM02B-SRSS-TB(LF)(SN)","C160402","SMD,P=1mm,","C160402"
"R8","0603WAF1303T5E","130k","0603","C22795"
"R9","0603WAF1002T5E","10k","0603","C25804"
"C8","CL21A106KAYNNNE","10u","0805","C15850"
"C9","TCC0603COG470J500CT","47p","0603","C282505"
"U1","ESPC3-12-N4","C19949072","SMD,24x16mm","C19949072"
"C5","CC0603KRX7R9BB104","100n","0603","C14663"
"C10","CL21A106KAYNNNE","10u","0805","C15850"
"SW2","TS-1088-AR02016","C720477","SMD,4x3mm","C720477"
"SW3","TS-1088-AR02016","C720477","SMD,4x3mm","C720477"
"R7","0603WAF1001T5E","1k","0603","C21190"
"LED2","KT-0603R","C2286","0603","C2286"
"J3","BM06B-SRSS-TB(LF)(SN)","C160392","SMD,P=1mm","C160392"
"SW4","TS-1088-AR02016","C720477","SMD,4x3mm","C720477"
"SW5","TS-1088-AR02016","C720477","SMD,4x3mm","C720477"
"SW1","MSK12C02","C431540","SMD,8x2.8mm","C431540"
"R5","0603WAF1003T5E","100k","0603","C25803"
"Q1","2N7002","C8545","SOT-23","C8545"
"R6","0603WAF1003T5E","100k","0603","C25803"
"U3","TPS63031DSKR","C15516","SON-10-EP(2.5x2.5)","C15516"
"L1","SWPA3015S1R5NT","C56594","SMD,3x3mm","C56594"
"C11","CL21A106KAYNNNE","10u","0805","C15850"
"C12","CL21A106KAYNNNE","10u","0805","C15850"
"C13","CC0603KRX7R9BB104","100n","0603","C14663"
"C3","CL21A106KAYNNNE","10u","0805","C15850"
"C4","CL21A106KAYNNNE","10u","0805","C15850"
"U4","TPS3839G33DBZR","C485802","SOT-23-3","C485802"
"C6","CC0603KRX7R9BB104","100n","0603","C14663"
"U5","TMP390A2DRLR","C5219772","SOT-563","C5219772"
"R10","0603WAF1621T5E","1.62k","0603","C22844"
"R11","0603WAF1872T5E","18.7k","0603","C22893"
"C7","CC0603KRX7R9BB104","100n","0603","C14663"
"R12","0603WAF1003T5E","100k","0603","C25803"
"R13","0603WAF1003T5E","100k","0603","C25803"
"Q2","2N7002","C8545","SOT-23","C8545"