reference_designators,quantity,value,manufacturer_part_number,package,lcsc,assembly_category,observed_stock,availability_check_date,source_link,qualification
J1,1,USB4215-03-A,USB4215-03-A,SMD,C37616412,Extended,1285,2026-10-05,https://jlcsearch.tscircuit.com/api/search?q=C37616412,Engineering prototype; see evidence/R8-compact-pcb-2026-10-06/REVIEW.md and current validation; physical tests pending
"R2,R1",2,5.1kΩ,0603WAF5101T5E,0603,C23186,Basic,3775920,2026-10-05,https://jlcsearch.tscircuit.com/api/search?q=C23186,Engineering prototype; see evidence/R8-compact-pcb-2026-10-06/REVIEW.md and current validation; physical tests pending
U2,1,BQ25185DLHR,BQ25185DLHR,WSON-10-EP(2.2x2),C19725033,Extended,4895,2026-10-05,https://jlcsearch.tscircuit.com/api/search?q=C19725033,Engineering prototype; see evidence/R8-compact-pcb-2026-10-06/REVIEW.md and current validation; physical tests pending
"R3,R4,R7",3,1kΩ,0603WAF1001T5E,0603,C21190,Basic,8013731,2026-10-05,https://jlcsearch.tscircuit.com/api/search?q=C21190,Engineering prototype; see evidence/R8-compact-pcb-2026-10-06/REVIEW.md and current validation; physical tests pending
"C2,C1",2,4.7uF,CL10A475KO8NNNC,0603,C19666,Basic,1373603,2026-10-05,https://jlcsearch.tscircuit.com/api/search?q=C19666,Engineering prototype; see evidence/R8-compact-pcb-2026-10-06/REVIEW.md and current validation; physical tests pending
"LED1,LED2",2,KT-0603R,KT-0603R,0603,C2286,Basic,8154450,2026-10-05,https://jlcsearch.tscircuit.com/api/search?q=C2286,Engineering prototype; see evidence/R8-compact-pcb-2026-10-06/REVIEW.md and current validation; physical tests pending
J2,1,SM02B-SRSS-TB(LF)(SN),SM02B-SRSS-TB(LF)(SN),"SMD,P=1mm,卧贴",C160402,Extended,83375,2026-10-05,https://jlcsearch.tscircuit.com/api/search?q=C160402,Engineering prototype; see evidence/R8-compact-pcb-2026-10-06/REVIEW.md and current validation; physical tests pending
R8,1,130kΩ,0603WAF1303T5E,0603,C22795,Extended,43940,2026-10-05,https://jlcsearch.tscircuit.com/api/search?q=C22795,Engineering prototype; see evidence/R8-compact-pcb-2026-10-06/REVIEW.md and current validation; physical tests pending
R9,1,10kΩ,0603WAF1002T5E,0603,C25804,Extended,21784371,2026-10-05,https://jlcpcb.com/partdetail/C25804/C25804,Engineering prototype; see evidence/R8-compact-pcb-2026-10-06/REVIEW.md and current validation; physical tests pending
"C8,C10,C11,C12,C3,C4",6,10uF,CL21A106KAYNNNE,0805,C15850,Basic,3505306,2026-10-05,https://jlcsearch.tscircuit.com/api/search?q=C15850,Engineering prototype; see evidence/R8-compact-pcb-2026-10-06/REVIEW.md and current validation; physical tests pending
C9,1,47pF,TCC0603COG470J500CT,0603,C282505,Extended,7987,2026-10-05,https://jlcpcb.com/partdetail/C282505/C282505,Engineering prototype; see evidence/R8-compact-pcb-2026-10-06/REVIEW.md and current validation; physical tests pending
U1,1,ESPC3-12-N4,ESPC3-12-N4,"SMD,24x16mm",C19949072,Extended,445,2026-10-05,https://jlcpcb.com/partdetail/ESPC3-12-N4/C19949072,Engineering prototype; see evidence/R8-compact-pcb-2026-10-06/REVIEW.md and current validation; physical tests pending
"C5,C13,C6,C7",4,100nF,CC0603KRX7R9BB104,0603,C14663,Basic,12618106,2026-10-05,https://jlcsearch.tscircuit.com/api/search?q=C14663,Engineering prototype; see evidence/R8-compact-pcb-2026-10-06/REVIEW.md and current validation; physical tests pending
SW2,1,TS24CA,TS24CA,"SMD,4.6x1.8mm",C393942,Extended,444478,2026-10-05,https://jlcpcb.com/partdetail/TS24CA/C393942,Engineering prototype; see evidence/R8-compact-pcb-2026-10-06/REVIEW.md and current validation; physical tests pending
"SW3,SW4,SW5",3,TS-1088-AR02016,TS-1088-AR02016,"SMD,4x3mm",C720477,Basic,877449,2026-10-05,https://jlcsearch.tscircuit.com/api/search?q=C720477,Engineering prototype; see evidence/R8-compact-pcb-2026-10-06/REVIEW.md and current validation; physical tests pending
J3,1,BM03B-SRSS-TB(LF)(SN),BM03B-SRSS-TB(LF)(SN),"SMD,P=1mm",C160389,Extended,8526,2026-10-05,https://jlcpcb.com/partdetail/C160389,Engineering prototype; see evidence/R8-compact-pcb-2026-10-06/REVIEW.md and current validation; physical tests pending
SW1,1,MSK12C02,MSK12C02,"SMD,8x2.8mm",C431540,Extended,147825,2026-10-05,https://jlcsearch.tscircuit.com/api/search?q=C431540,Engineering prototype; see evidence/R8-compact-pcb-2026-10-06/REVIEW.md and current validation; physical tests pending
"R5,R6,R12,R13",4,100kΩ,0603WAF1003T5E,0603,C25803,Basic,7990119,2026-10-05,https://jlcsearch.tscircuit.com/api/search?q=C25803,Engineering prototype; see evidence/R8-compact-pcb-2026-10-06/REVIEW.md and current validation; physical tests pending
"Q1,Q2",2,2N7002,2N7002,SOT-23,C8545,Basic,432340,2026-10-05,https://jlcsearch.tscircuit.com/api/search?q=C8545,Engineering prototype; see evidence/R8-compact-pcb-2026-10-06/REVIEW.md and current validation; physical tests pending
U3,1,TPS63031DSKR,TPS63031DSKR,SON-10-EP(2.5x2.5),C15516,Extended,3638,2026-10-05,https://jlcsearch.tscircuit.com/api/search?q=C15516,Engineering prototype; see evidence/R8-compact-pcb-2026-10-06/REVIEW.md and current validation; physical tests pending
L1,1,1.5µH,SWPA3015S1R5NT,"SMD,3x3mm",C56594,Extended,4820,2026-10-05,https://jlcsearch.tscircuit.com/api/search?q=C56594,Engineering prototype; see evidence/R8-compact-pcb-2026-10-06/REVIEW.md and current validation; physical tests pending
U4,1,TPS3839G33DBZR,TPS3839G33DBZR,SOT-23-3,C485802,Extended,3520,2026-10-05,https://jlcsearch.tscircuit.com/api/search?q=C485802,Engineering prototype; see evidence/R8-compact-pcb-2026-10-06/REVIEW.md and current validation; physical tests pending
U5,1,TMP390A2DRLR,TMP390A2DRLR,SOT-563,C5219772,Extended,39315,2026-10-05,https://jlcsearch.tscircuit.com/api/search?q=C5219772,Engineering prototype; see evidence/R8-compact-pcb-2026-10-06/REVIEW.md and current validation; physical tests pending
R10,1,1.62kΩ,0603WAF1621T5E,0603,C22844,Extended,29502,2026-10-05,https://jlcsearch.tscircuit.com/api/search?q=C22844,Engineering prototype; see evidence/R8-compact-pcb-2026-10-06/REVIEW.md and current validation; physical tests pending
R11,1,18.7kΩ,0603WAF1872T5E,0603,C22893,Extended,836,2026-10-05,https://jlcsearch.tscircuit.com/api/search?q=C22893,Engineering prototype; see evidence/R8-compact-pcb-2026-10-06/REVIEW.md and current validation; physical tests pending
