boards,references,lcsc,mpn,quantity,unit_usd,subtotal_usd
5,U1,C356849,E73-2G4M08S1C,5,7.6341,38.1705
10,U1,C356849,E73-2G4M08S1C,10,7.4764,74.7640
20,U1,C356849,E73-2G4M08S1C,20,7.0554,141.1080
5,U2,C19725033,BQ25185DLHR,5,1.7297,8.6485
10,U2,C19725033,BQ25185DLHR,10,1.4664,14.6640
20,U2,C19725033,BQ25185DLHR,20,1.4664,29.3280
5,U5,C5219772,TMP390A2DRLR,5,0.4536,2.2680
10,U5,C5219772,TMP390A2DRLR,10,0.3544,3.5440
20,U5,C5219772,TMP390A2DRLR,20,0.3544,7.0880
5,U4,C485802,TPS3839G33DBZR,5,0.4341,2.1705
10,U4,C485802,TPS3839G33DBZR,10,0.3447,3.4470
20,U4,C485802,TPS3839G33DBZR,20,0.3447,6.8940
5,R3,C22809,0603WAF1502T5E,5,0.0029,0.0145
10,R3,C22809,0603WAF1502T5E,10,0.0029,0.0290
20,R3,C22809,0603WAF1502T5E,20,0.0029,0.0580
5,R8,C22795,0603WAF1303T5E,5,0.0014,0.0070
10,R8,C22795,0603WAF1303T5E,10,0.0014,0.0140
20,R8,C22795,0603WAF1303T5E,20,0.0014,0.0280
5,R9,C25804,0603WAF1002T5E,5,0.0018,0.0090
10,R9,C25804,0603WAF1002T5E,10,0.0018,0.0180
20,R9,C25804,0603WAF1002T5E,20,0.0018,0.0360
5,R10,C22844,0603WAF1621T5E,5,0.0022,0.0110
10,R10,C22844,0603WAF1621T5E,10,0.0022,0.0220
20,R10,C22844,0603WAF1621T5E,20,0.0022,0.0440
5,R11,C22893,0603WAF1872T5E,5,0.0019,0.0095
10,R11,C22893,0603WAF1872T5E,10,0.0019,0.0190
20,R11,C22893,0603WAF1872T5E,20,0.0019,0.0380
5,C8,C15850,CL21A106KAYNNNE,5,0.0651,0.3255
10,C8,C15850,CL21A106KAYNNNE,10,0.0651,0.6510
20,C8,C15850,CL21A106KAYNNNE,20,0.0651,1.3020
5,C9,C282505,TCC0603COG470J500CT,5,0.005,0.025
10,C9,C282505,TCC0603COG470J500CT,10,0.0039,0.0390
20,C9,C282505,TCC0603COG470J500CT,20,0.0039,0.0780
5,U3,C3747031,TPS7A0230PDBVR,5,0.4471,2.2355
10,U3,C3747031,TPS7A0230PDBVR,10,0.3528,3.5280
20,U3,C3747031,TPS7A0230PDBVR,20,0.3528,7.0560
5,J1,C37616412,USB4215-03-A,5,0.8974,4.4870
10,J1,C37616412,USB4215-03-A,10,0.73,7.30
20,J1,C37616412,USB4215-03-A,20,0.73,14.60
5,J2,C295747,S2B-PH-SM4-TB(LF)(SN),5,0.2364,1.1820
10,J2,C295747,S2B-PH-SM4-TB(LF)(SN),10,0.2364,2.3640
20,J2,C295747,S2B-PH-SM4-TB(LF)(SN),20,0.2364,4.7280
5,J3,C160392,BM06B-SRSS-TB(LF)(SN),5,0.3458,1.7290
10,J3,C160392,BM06B-SRSS-TB(LF)(SN),10,0.3458,3.4580
20,J3,C160392,BM06B-SRSS-TB(LF)(SN),20,0.3458,6.9160
5,SW1,C431540,MSK12C02,5,0.0566,0.2830
10,SW1,C431540,MSK12C02,10,0.0566,0.5660
20,SW1,C431540,MSK12C02,20,0.0566,1.1320
5,"SW2,SW3",C720477,TS-1088-AR02016,10,0.0522,0.5220
10,"SW2,SW3",C720477,TS-1088-AR02016,20,0.0522,1.0440
20,"SW2,SW3",C720477,TS-1088-AR02016,40,0.0522,2.0880
5,"Q1,Q2",C8545,2N7002,10,0.0178,0.1780
10,"Q1,Q2",C8545,2N7002,20,0.0178,0.3560
20,"Q1,Q2",C8545,2N7002,40,0.0178,0.7120
5,"R1,R2",C23186,0603WAF5101T5E,10,0.0015,0.0150
10,"R1,R2",C23186,0603WAF5101T5E,20,0.0015,0.0300
20,"R1,R2",C23186,0603WAF5101T5E,40,0.0015,0.0600
5,"R4,R7",C21190,0603WAF1001T5E,10,0.0026,0.0260
10,"R4,R7",C21190,0603WAF1001T5E,20,0.0026,0.0520
20,"R4,R7",C21190,0603WAF1001T5E,40,0.0026,0.1040
5,"R5,R6,R12,R13",C25803,0603WAF1003T5E,20,0.0031,0.0620
10,"R5,R6,R12,R13",C25803,0603WAF1003T5E,40,0.0031,0.1240
20,"R5,R6,R12,R13",C25803,0603WAF1003T5E,80,0.0031,0.2480
5,"C1,C2,C3,C4",C19666,CL10A475KO8NNNC,20,0.0295,0.5900
10,"C1,C2,C3,C4",C19666,CL10A475KO8NNNC,40,0.0295,1.1800
20,"C1,C2,C3,C4",C19666,CL10A475KO8NNNC,80,0.0295,2.3600
5,"C5,C6,C7",C14663,CC0603KRX7R9BB104,15,0.0123,0.1845
10,"C5,C6,C7",C14663,CC0603KRX7R9BB104,30,0.0123,0.3690
20,"C5,C6,C7",C14663,CC0603KRX7R9BB104,60,0.0123,0.7380
5,"LED1,LED2",C2286,KT-0603R,10,0.0076,0.0760
10,"LED1,LED2",C2286,KT-0603R,20,0.0076,0.1520
20,"LED1,LED2",C2286,KT-0603R,40,0.0076,0.3040
