reference_designators,quantity,value,manufacturer,manufacturer_part_number,package,lcsc,assembly_category,observed_stock,observed_available,availability_check_date,assembly_requirements,source_link,lcsc_link,datasheet_file,qualification
U1,1,E73-2G4M08S1C,Chengdu Ebyte Electronic Technology,E73-2G4M08S1C,"SMD module, 43 pads, 13 x 18 x 3 mm",C356849,Extended,1689,1246,2026-10-01,Standard only; X-ray required,https://jlcpcb.com/partdetail/Chengdu_Ebyte_ElecTech-E732G4M08S1C/C356849,https://www.lcsc.com/product-detail/C356849.html,references/E73-2G4M08S1C-manufacturer.pdf,Reviewed with disclosed land/derating assumptions; physical tests pending
U2,1,BQ25185DLHR,Texas Instruments,BQ25185DLHR,"WSON-10, 2.2 x 2 mm, exposed pad",C19725033,Extended,3834,3739,2026-10-01,Economic/Standard; MSL 3,https://jlcpcb.com/partdetail/BQ25185DLHR/C19725033,https://www.lcsc.com/product-detail/C19725033.html,references/R4-qualification/BQ25185-current.pdf,R5 current TI SLUSF65B section 7.4.1: actual solid GND plane/returns pass. Stencil 0.10 mm / area ratios pass. Physical temperature and battery tests are POST-PROTOTYPE PHYSICAL VALIDATION.
U5,1,TMP390A2DRLR,Texas Instruments,TMP390A2DRLR,SOT-563 / DRL-6,C5219772,Extended,37610,37585,2026-10-01,Economic/Standard; manufacturer MSL 2,https://jlcpcb.com/partdetail/TMP390A2DRLR/C5219772,https://www.lcsc.com/product-detail/C5219772.html,references/TMP390.pdf,Reviewed with disclosed land/derating assumptions; physical tests pending
U4,1,TPS3839G33DBZR,Texas Instruments,TPS3839G33DBZR,SOT-23-3 / DBZ,C485802,Extended,3405,3375,2026-10-01,Economic/Standard; MSL 1,https://jlcpcb.com/partdetail/TPS3839G33DBZR/C485802,https://www.lcsc.com/product-detail/C485802.html,references/TPS3839.pdf,Reviewed with disclosed land/derating assumptions; physical tests pending
R3,1,"15 kΩ ±1%, 0.1 W, 75 V",UNI-ROYAL,0603WAF1502T5E,0603,C22809,Basic,4587959,4275297,2026-10-01,Economic/Standard,https://jlcpcb.com/partdetail/0603WAF1502T5E/C22809,https://www.lcsc.com/product-detail/C22809.html,references/C22844-manufacturer.pdf,Reviewed with disclosed land/derating assumptions; physical tests pending
R8,1,"130 kΩ ±1%, 0.1 W, 75 V",UNI-ROYAL,0603WAF1303T5E,0603,C22795,Extended,588652,546495,2026-10-01,Economic/Standard,https://jlcpcb.com/partdetail/0603WAF1303T5E/C22795,https://www.lcsc.com/product-detail/C22795.html,references/C22844-manufacturer.pdf,Reviewed with disclosed land/derating assumptions; physical tests pending
R9,1,"10 kΩ ±1%, 0.1 W, 75 V",UNI-ROYAL,0603WAF1002T5E,0603,C25804,Basic,23109251,16156915,2026-10-01,Economic/Standard,https://jlcpcb.com/partdetail/0603WAF1002T5E/C25804,https://www.lcsc.com/product-detail/C25804.html,references/C22844-manufacturer.pdf,Reviewed with disclosed land/derating assumptions; physical tests pending
R10,1,"1.62 kΩ ±1%, 0.1 W, 75 V",UNI-ROYAL,0603WAF1621T5E,0603,C22844,Extended,27688,27604,2026-10-01,Economic/Standard,https://jlcpcb.com/partdetail/0603WAF1621T5E/C22844,https://www.lcsc.com/product-detail/C22844.html,references/C22844-manufacturer.pdf,Reviewed with disclosed land/derating assumptions; physical tests pending
R11,1,"18.7 kΩ ±1%, 0.1 W, 75 V",UNI-ROYAL,0603WAF1872T5E,0603,C22893,Extended,133033,131350,2026-10-01,Economic/Standard,https://jlcpcb.com/partdetail/0603WAF1872T5E/C22893,https://www.lcsc.com/product-detail/C22893.html,references/C22844-manufacturer.pdf,Reviewed with disclosed land/derating assumptions; physical tests pending
C8,1,"10 µF ±10%, 25 V, X5R",Samsung Electro-Mechanics,CL21A106KAYNNNE,0805,C15850,Basic,4997153,3794120,2026-10-01,Economic/Standard; MSL 1,https://jlcpcb.com/partdetail/CL21A106KAYNNNE/C15850,https://www.lcsc.com/product-detail/C15850.html,Samsung manufacturer product-family bias curves; see ELECTRICAL-QUALIFICATION.md,Reviewed with disclosed land/derating assumptions; physical tests pending
C9,1,"47 pF ±5%, 50 V, C0G",CCTC,TCC0603COG470J500CT,0603,C282505,Extended,8123,8111,2026-10-01,Economic/Standard; MSL 1,https://jlcpcb.com/partdetail/TCC0603COG470J500CT/C282505,https://www.lcsc.com/product-detail/C282505.html,references/C282505-manufacturer.pdf,Reviewed with disclosed land/derating assumptions; physical tests pending
U3,1,TPS7A0230PDBVR,Texas Instruments,TPS7A0230PDBVR,SOT-23-5 (DBV),C3747031,Extended,37586,37516,2026-10-01,Economic/Standard; MSL 1,https://jlcpcb.com/partdetail/TexasInstruments-TPS7A0230PDBVR/C3747031,https://www.lcsc.com/product-detail/C3747031.html,references/TPS7A02.pdf,Reviewed with disclosed land/derating assumptions; physical tests pending
J1,1,USB-C charging receptacle,GCT / Global Connector Technology,USB4215-03-A,SMT 16-contact USB-C; four plated shell slots,C37616412,Extended,125,43,2026-10-03,"Extended SMT; MSL 1; Economic and Standard listing. Shell-joint coverage unconfirmed; inspect and manually rework if needed for prototype. No X-ray or fixture requirement displayed, not a guarantee.",https://jlcpcb.com/partdetail/39339856-USB4215_03A/C37616412,https://www.lcsc.com/product-detail/C37616412.html,references/GCT-USB4215-drawing-Rev-A.pdf,Official GCT Rev A copper and plated-slot geometry verified; 16 source paste apertures preserved through corrected supported importer; production qualification pending per user prototype acceptance.
J2,1,S2B-PH-SM4-TB(LF)(SN),JST,S2B-PH-SM4-TB(LF)(SN),"PH 2 mm, side-entry SMT",C295747,Extended,20971,20398,2026-10-01,Economic/Standard; MSL 1,https://jlcpcb.com/partdetail/JST-S2B_PH_SM4_TB_LF_SN/C295747,https://www.lcsc.com/product-detail/C295747.html,references/JST-PH.pdf,Reviewed with disclosed land/derating assumptions; physical tests pending
J3,1,BM06B-SRSS-TB(LF)(SN),JST,BM06B-SRSS-TB(LF)(SN),"SH 1 mm, top-entry SMT",C160392,Extended,34461,28818,2026-10-01,Economic/Standard; MSL 1,https://jlcpcb.com/partdetail/JST-BM06B_SRSS_TB_LF_SN/C160392,https://www.lcsc.com/product-detail/C160392.html,references/JST-SH.pdf,Reviewed with disclosed land/derating assumptions; physical tests pending
SW1,1,SPDT slide switch,SHOU HAN,MSK12C02,"SMD 8 x 2.8 mm, 3 contacts + shell",C431540,Extended,193532,188023,2026-10-01,Economic/Standard,https://jlcpcb.com/partdetail/MSK12C02/C431540,https://www.lcsc.com/product-detail/C431540.html,references/SHOUHAN-MSK12C02.pdf,Reviewed with disclosed land/derating assumptions; physical tests pending
"SW2, SW3",2,"Normally-open tactile switch, 2 mm height",XUNPU,TS-1088-AR02016,SMD tactile 4 x 3 x 2 mm,C720477,Basic,786967,742195,2026-10-01,Economic/Standard; MSL not stated,https://jlcpcb.com/partdetail/SHOUHAN-TS_1088_AR02016/C720477,https://www.lcsc.com/product-detail/C720477.html,references/C720477-manufacturer.pdf,Reviewed with disclosed land/derating assumptions; physical tests pending
"Q1, Q2",2,"N-channel MOSFET, 60 V",Jiangsu Changjing Electronics Technology,2N7002,SOT-23,C8545,Basic,1642765,1522993,2026-10-01,Economic/Standard; MSL 1,https://jlcpcb.com/partdetail/JiangsuChangjingElectronicsTechnologyCoLtd-2N7002/C8545,https://www.lcsc.com/product-detail/C8545.html,references/C8545-manufacturer.pdf,Reviewed with disclosed land/derating assumptions; physical tests pending
"R1, R2",2,"5.1 kΩ ±1%, 0.1 W, 75 V",UNI-ROYAL,0603WAF5101T5E,0603 imperial / 1608 metric,C23186,Basic,25285299,24338678,2026-10-01,Economic/Standard,https://jlcpcb.com/partdetail/UNIROYAL-0603WAF5101T5E/C23186,https://www.lcsc.com/product-detail/C23186.html,references/C22844-manufacturer.pdf,Reviewed with disclosed land/derating assumptions; physical tests pending
"R4, R7",2,"1 kΩ ±1%, 0.1 W, 75 V",UNI-ROYAL,0603WAF1001T5E,0603 imperial / 1608 metric,C21190,Basic,21678575,16868949,2026-10-01,Economic/Standard,https://jlcpcb.com/partdetail/UNIROYAL-0603WAF1001T5E/C21190,https://www.lcsc.com/product-detail/C21190.html,references/C22844-manufacturer.pdf,Reviewed with disclosed land/derating assumptions; physical tests pending
"R5, R6, R12, R13",4,"100 kΩ ±1%, 0.1 W, 75 V",UNI-ROYAL,0603WAF1003T5E,0603 imperial / 1608 metric,C25803,Basic,22171651,20485261,2026-10-01,Economic/Standard,https://jlcpcb.com/partdetail/UNIROYAL-0603WAF1003T5E/C25803,https://www.lcsc.com/product-detail/C25803.html,references/C22844-manufacturer.pdf,Reviewed with disclosed land/derating assumptions; physical tests pending
"C1, C2, C3, C4",4,"4.7 µF ±10%, 16 V, X5R",Samsung Electro-Mechanics,CL10A475KO8NNNC,0603 imperial / 1608 metric,C19666,Basic,2544067,2016787,2026-10-01,Economic/Standard; MSL 1,https://jlcpcb.com/partdetail/Samsung-CL10A475KO8NNNC/C19666,https://www.lcsc.com/product-detail/C19666.html,Samsung manufacturer product-family bias curves; see ELECTRICAL-QUALIFICATION.md,Reviewed with disclosed land/derating assumptions; physical tests pending
"C5, C6, C7",3,"100 nF ±10%, 50 V, X7R",YAGEO,CC0603KRX7R9BB104,0603 imperial / 1608 metric,C14663,Basic,54430410,41987508,2026-10-01,Economic/Standard; MSL 1,https://jlcpcb.com/partdetail/YAGEO-CC0603KRX7R9BB104/C14663,https://www.lcsc.com/product-detail/C14663.html,references/C14663-manufacturer.pdf,Reviewed with disclosed land/derating assumptions; physical tests pending
"LED1, LED2",2,Red LED,Hubei KENTO Electronic,KT-0603R,0603 imperial / 1608 metric,C2286,Basic,4840846,4349467,2026-10-01,Economic/Standard; MSL 3,https://jlcpcb.com/partdetail/HubeiKENTOElec-KT_0603R/C2286,https://www.lcsc.com/product-detail/C2286.html,references/C2286-manufacturer.pdf,Reviewed with disclosed land/derating assumptions; physical tests pending
