references,mpn,jlcpcb_part,qty_per_board,qty_for_five_finished_boards,headline_in_stock,available_order_qty,is_buyable,eligible_smt_listing,preorder_minimum_reported,one_board_quantity_covered,five_board_quantity_covered,five_board_triggers_preorder,observed_utc,listing_url,listing_sha256,allocation_reserved
"C5,C13,C6,C7",CC0603KRX7R9BB104,C14663,4,20,62722439,48420668,True,True,1026,True,True,False,2026-10-06T19:26:16.610816+00:00,https://jlcpcb.com/partdetail/C14663,20060f752470f70fc102fb97723de0c2335c2659a3ca4bac3302353c36277776,False
U3,TPS63031DSKR,C15516,1,5,13225,13094,True,True,9,True,True,False,2026-10-06T19:26:20.089649+00:00,https://jlcpcb.com/partdetail/C15516,34de6de97885f9b9bcd0ff450a3d053a5281afad699e71dd322633d6ff2e6a00,False
"C8,C10,C11,C12,C3,C4",CL21A106KAYNNNE,C15850,6,30,4822451,3445802,True,True,139,True,True,False,2026-10-06T19:26:15.343471+00:00,https://jlcpcb.com/partdetail/C15850,a3cc2cd0d54d8846c719cc9f155bd003c738c9e7837020edfdcf3ffb724cbfda,False
J3,BM03B-SRSS-TB(LF)(SN),C160389,1,5,32054,31601,True,True,33,True,True,False,2026-10-06T19:26:19.408139+00:00,https://jlcpcb.com/partdetail/C160389,a5396a0e6626e2dc27ea7f7d736daae24242919c3bf28588d5f6947153fe685a,False
J2,SM02B-SRSS-TB(LF)(SN),C160402,1,5,33473,31975,True,True,84,True,True,False,2026-10-06T19:26:13.340146+00:00,https://jlcpcb.com/partdetail/C160402,fe865fefa8cc7d9d7b12860581aad32dbce9c6ee0671b958cdacd4f4782f9e25,False
"C2,C1",CL10A475KO8NNNC,C19666,2,10,2433448,1823042,True,True,519,True,True,False,2026-10-06T19:26:15.165634+00:00,https://jlcpcb.com/partdetail/C19666,6e86f443e2979429a4e2d40d320a45cd1f288392e6a535e10836db7e29fe3379,False
U2,BQ25185DLHR,C19725033,1,5,3621,3518,True,True,6,True,True,False,2026-10-06T19:26:11.596607+00:00,https://jlcpcb.com/partdetail/C19725033,938683ab50505cad1ee62f19728e8cae61cc3301dc91efee7cfbf98fe6baea94,False
U1,ESPC3-12-N4,C19949072,1,5,66,3,True,True,4,True,False,True,2026-10-06T19:26:17.487847+00:00,https://jlcpcb.com/partdetail/C19949072,0ad3d9c14d7404971f362c93601af3652693f01d810143c8acbbd615a6e82ece,False
"R3,R4,R7",0603WAF1001T5E,C21190,3,15,21257255,15799362,True,True,4512,True,True,False,2026-10-06T19:26:12.001132+00:00,https://jlcpcb.com/partdetail/C21190,1332b5a6e4ee21127eced1de5afab5427b774f05b7ce47e0f57b19daa0e80659,False
R8,0603WAF1303T5E,C22795,1,5,584387,534375,True,True,5000,True,True,False,2026-10-06T19:26:13.985033+00:00,https://jlcpcb.com/partdetail/C22795,8a88ecc4007dd960c05a8d6f37bf457fca62e33d1889b2cf8501c577fa2fb8ee,False
R10,0603WAF1621T5E,C22844,1,5,26968,26869,True,True,5000,True,True,False,2026-10-06T19:26:21.167598+00:00,https://jlcpcb.com/partdetail/C22844,96a08045a509874f225bdaeaf05b1f9f194975caf4dc2d7df1a1b3c978f17c64,False
"LED1,LED2",KT-0603R,C2286,2,10,4725758,4173823,True,True,1556,True,True,False,2026-10-06T19:26:14.010268+00:00,https://jlcpcb.com/partdetail/C2286,8b4b77634fe27102c743bb0333a8bbfa411da1e3b956a3d5ad74958071e9af65,False
R11,0603WAF1872T5E,C22893,1,5,127543,121574,True,True,5000,True,True,False,2026-10-06T19:26:21.708782+00:00,https://jlcpcb.com/partdetail/C22893,6c7f769c9583ea08c55c28ffc6c11ae47a95163a047b141e7234a1c50a58682f,False
"R2,R1",0603WAF5101T5E,C23186,2,10,25182354,24104538,True,True,5000,True,True,False,2026-10-06T19:26:11.686339+00:00,https://jlcpcb.com/partdetail/C23186,de95db0a2769f256a7e77c5096104aa42c998c86e22af0ab84cf668898a7afd8,False
"R5,R6,R12,R13",0603WAF1003T5E,C25803,4,20,22002706,20060760,True,True,3760,True,True,False,2026-10-06T19:26:18.876141+00:00,https://jlcpcb.com/partdetail/C25803,35b7ee04b38fa022944940802728c26e5070bd14dee3f52aac5eb043e64d3434,False
R9,0603WAF1002T5E,C25804,1,5,29501378,21573549,True,True,5000,True,True,False,2026-10-06T19:26:14.451452+00:00,https://jlcpcb.com/partdetail/C25804,55c86e20a4ce179f33bada84e2d61051f3dc5f6b4c1beef8c3af842827ea0533,False
C9,TCC0603COG470J500CT,C282505,1,5,8003,7987,True,True,3610,True,True,False,2026-10-06T19:26:16.802418+00:00,https://jlcpcb.com/partdetail/C282505,a150c43570bd6fe10295626bcafd5b302b14a7baa69e478df030906b021a2ce8,False
J1,USB4215-03-A,C37616412,1,5,114,22,True,True,13,True,True,False,2026-10-06T19:26:12.125075+00:00,https://jlcpcb.com/partdetail/C37616412,60a6a4fc842545a46f07aebb60e16d92c3233297bbf729fee7254b4c4b207ce5,False
SW2,TS24CA,C393942,1,5,407271,401355,True,True,461,True,True,False,2026-10-06T19:26:17.016142+00:00,https://jlcpcb.com/partdetail/C393942,6dd6ec58f0f9850fd7c9f23cff222846c15d029e57b6edf7ba0e86fd44a0b5a1,False
SW1,MSK12C02,C431540,1,5,192061,185714,True,True,196,True,True,False,2026-10-06T19:26:19.394826+00:00,https://jlcpcb.com/partdetail/C431540,170b5400eb8d902352bbe13b4bbde0bf85ab9d8c65a0a8a52b0452ca5d980235,False
U4,TPS3839G33DBZR,C485802,1,5,3395,3360,True,True,27,True,True,False,2026-10-06T19:26:20.504358+00:00,https://jlcpcb.com/partdetail/C485802,19571ccc46e62906329f15870105350c4bca1276aa70eb9be957e1f5fb81d3e9,False
U5,TMP390A2DRLR,C5219772,1,5,37575,37523,True,True,26,True,True,False,2026-10-06T19:26:20.826672+00:00,https://jlcpcb.com/partdetail/C5219772,c30a82ac78f868612f3d4d085a325e79125a29939349c8d9885356ce5a460414,False
L1,SWPA3015S1R5NT,C56594,1,5,4197,4041,True,True,229,True,True,False,2026-10-06T19:26:20.818971+00:00,https://jlcpcb.com/partdetail/C56594,547cb96b6d9ff6e202336431b20f53b1438edbac01830baab13c9b98acf82f59,False
"SW3,SW4,SW5",TS-1088-AR02016,C720477,3,15,767525,716987,True,True,214,True,True,False,2026-10-06T19:26:18.145683+00:00,https://jlcpcb.com/partdetail/C720477,67febdfa9587c0b7c7f59c1ca7aea440aaba8c84b0a13c5002ba5ba04a77ec63,False
"Q1,Q2",2N7002,C8545,2,10,1566349,1425885,True,True,640,True,True,False,2026-10-06T19:26:19.549298+00:00,https://jlcpcb.com/partdetail/C8545,cdc63c4d87ab9aef7f29ad07d4cfbd849423df1cd1cb28f08e7d557a9c8e0e14,False
